customer,net_sales_mln,net_sales_pct
"Amazon ",30.00,14.239605
"Atliq Exclusive",23.98,11.382191
Flipkart,12.96,6.151509
Electricalsocity,12.31,5.842985
Propel,11.86,5.629391
Expression,11.55,5.482248
"Atliq e Store",11.33,5.377824
Girias,11.30,5.363585
"Vijay Sales",11.27,5.349345
Ebay,11.14,5.287640
"Reliance Digital",11.10,5.268654
Electricalslytical,11.08,5.259161
Lotus,10.53,4.998101
Ezone,10.30,4.888931
Viveks,10.09,4.789254
Croma,9.88,4.689577
